variable,lead_hours,model,MAE,RMSE,Skill_Score_RMSE
temperature,24,Source 1 (NWP),0.4776,0.5984,0.7733
temperature,24,Source 2 (Ensemble),1.0208,1.2933,0.51
temperature,24,Source 3 (AI-Model),1.0092,1.2676,0.5197
temperature,24,Persistence,2.0781,2.6393,0.0
temperature,24,1. Equal-Weight Avg,0.5049,0.6362,0.759
temperature,24,2. Best Single Historical,0.4776,0.5984,0.7733
temperature,24,3. Inverse-Error Weighting,0.3966,0.4962,0.812
temperature,24,4. Bias-Corrected Avg,0.5044,0.6358,0.7591
temperature,48,Source 1 (NWP),1.2232,1.5298,0.4204
temperature,48,Source 2 (Ensemble),1.2216,1.5439,0.415
temperature,48,Source 3 (AI-Model),1.1169,1.4003,0.4694
temperature,48,Persistence,2.0781,2.6393,0.0
temperature,48,1. Equal-Weight Avg,0.6837,0.86,0.6742
temperature,48,2. Best Single Historical,1.0607,1.3286,0.4966
temperature,48,3. Inverse-Error Weighting,0.6753,0.8488,0.6784
temperature,48,4. Bias-Corrected Avg,0.6846,0.8601,0.6741
temperature,72,Source 1 (NWP),2.119,2.6581,-0.0071
temperature,72,Source 2 (Ensemble),1.4537,1.8454,0.3008
temperature,72,Source 3 (AI-Model),1.2034,1.5172,0.4251
temperature,72,Persistence,2.0781,2.6393,0.0
temperature,72,1. Equal-Weight Avg,0.9422,1.1813,0.5524
temperature,72,2. Best Single Historical,1.179,1.4861,0.4369
temperature,72,3. Inverse-Error Weighting,0.8429,1.0539,0.6007
temperature,72,4. Bias-Corrected Avg,0.9363,1.1742,0.5551
temperature,120,Source 1 (NWP),4.218,5.2912,-1.0048
temperature,120,Source 2 (Ensemble),1.8755,2.3767,0.0995
temperature,120,Source 3 (AI-Model),1.389,1.7424,0.3398
temperature,120,Persistence,2.0781,2.6393,0.0
temperature,120,1. Equal-Weight Avg,1.6136,2.0239,0.2332
temperature,120,2. Best Single Historical,1.389,1.7424,0.3398
temperature,120,3. Inverse-Error Weighting,1.0679,1.3426,0.4913
temperature,120,4. Bias-Corrected Avg,1.6001,2.0056,0.2401
rainfall,24,Source 1 (NWP),2.4838,3.8347,0.8348
rainfall,24,Source 2 (Ensemble),1.4885,2.3261,0.8998
rainfall,24,Source 3 (AI-Model),1.4214,2.1774,0.9062
rainfall,24,Persistence,11.1168,23.2088,0.0
rainfall,24,1. Equal-Weight Avg,1.4457,1.8631,0.9197
rainfall,24,2. Best Single Historical,1.2886,1.9997,0.9138
rainfall,24,3. Inverse-Error Weighting,1.2571,1.621,0.9302
rainfall,24,4. Bias-Corrected Avg,1.1715,1.6279,0.9299
rainfall,48,Source 1 (NWP),4.2549,6.6297,0.7143
rainfall,48,Source 2 (Ensemble),2.0127,3.1022,0.8663
rainfall,48,Source 3 (AI-Model),1.8187,2.7844,0.88
rainfall,48,Persistence,11.1168,23.2088,0.0
rainfall,48,1. Equal-Weight Avg,2.2178,2.9189,0.8742
rainfall,48,2. Best Single Historical,1.6809,2.5818,0.8888
rainfall,48,3. Inverse-Error Weighting,1.687,2.1976,0.9053
rainfall,48,4. Bias-Corrected Avg,1.7698,2.5244,0.8912
rainfall,72,Source 1 (NWP),6.3734,9.9227,0.5725
rainfall,72,Source 2 (Ensemble),2.4267,3.7823,0.837
rainfall,72,Source 3 (AI-Model),2.0998,3.2435,0.8602
rainfall,72,Persistence,11.1168,23.2088,0.0
rainfall,72,1. Equal-Weight Avg,3.0339,4.0749,0.8244
rainfall,72,2. Best Single Historical,1.996,3.0872,0.867
rainfall,72,3. Inverse-Error Weighting,2.0056,2.6381,0.8863
rainfall,72,4. Bias-Corrected Avg,2.39,3.4909,0.8496
rainfall,120,Source 1 (NWP),10.4748,16.5158,0.2884
rainfall,120,Source 2 (Ensemble),3.41,5.3187,0.7708
rainfall,120,Source 3 (AI-Model),2.8803,4.3965,0.8106
rainfall,120,Persistence,11.1168,23.2088,0.0
rainfall,120,1. Equal-Weight Avg,4.7651,6.5309,0.7186
rainfall,120,2. Best Single Historical,2.7608,4.2318,0.8177
rainfall,120,3. Inverse-Error Weighting,2.785,3.6912,0.841
rainfall,120,4. Bias-Corrected Avg,3.6456,5.4128,0.7668
