Region,Variable,Lead_Hours,Equal_Weight_MAE,Equal_Weight_RMSE,Equal_Weight_SS,Adaptive_Gate_MAE,Adaptive_Gate_RMSE,Adaptive_Gate_SS,MAE_Improvement_Pct,Adaptive_Gate_Wins
Bihar,temperature,24,0.5062,0.6364,0.5497,0.4671,0.5861,0.5853,7.72,True
Bihar,temperature,48,0.6841,0.8586,0.3925,0.6727,0.843,0.4035,1.66,True
Bihar,temperature,72,0.945,1.1852,0.1614,0.8718,1.0938,0.2261,7.74,True
Bihar,temperature,120,1.6008,2.0095,-0.4218,1.324,1.6576,-0.1729,17.3,True
Bihar,rainfall,24,1.4455,1.863,0.9181,0.6121,1.627,0.9285,57.65,True
Bihar,rainfall,48,2.1977,2.8998,0.8725,0.8159,1.9006,0.9164,62.88,True
Bihar,rainfall,72,3.039,4.092,0.8201,1.0198,2.2134,0.9027,66.44,True
Bihar,rainfall,120,4.8025,6.5618,0.7115,1.4097,2.819,0.8761,70.65,True
Jharkhand,temperature,24,0.5324,0.6673,0.5245,0.5067,0.6361,0.5467,4.83,True
Jharkhand,temperature,48,0.7823,0.9817,0.3005,0.7568,0.9505,0.3227,3.26,True
Jharkhand,temperature,72,1.145,1.4343,-0.022,1.0098,1.2629,0.1001,11.81,True
Jharkhand,temperature,120,2.1036,2.6133,-0.8621,1.6534,2.0465,-0.4582,21.4,True
Jharkhand,rainfall,24,1.4475,1.9051,0.9101,0.489,1.0903,0.9486,66.22,True
Jharkhand,rainfall,48,2.2991,3.1053,0.8535,0.6605,1.4383,0.9322,71.27,True
Jharkhand,rainfall,72,3.2877,4.5049,0.7875,0.808,1.6567,0.9219,75.42,True
Jharkhand,rainfall,120,5.3157,7.5474,0.644,1.1433,2.2565,0.8936,78.49,True
West_Bengal,temperature,24,0.5399,0.6789,0.4943,0.4683,0.5883,0.5617,13.26,True
West_Bengal,temperature,48,0.6986,0.8765,0.347,0.6677,0.8379,0.3758,4.43,True
West_Bengal,temperature,72,0.904,1.1345,0.1549,0.8559,1.0754,0.1989,5.31,True
West_Bengal,temperature,120,1.443,1.7996,-0.3406,1.2567,1.5703,-0.1698,12.9,True
West_Bengal,rainfall,24,1.7152,2.2564,0.9133,0.6393,1.3244,0.9491,62.72,True
West_Bengal,rainfall,48,2.6961,3.6558,0.8595,0.8239,1.6621,0.9361,69.44,True
West_Bengal,rainfall,72,3.8419,5.3151,0.7957,1.0011,1.9641,0.9245,73.94,True
West_Bengal,rainfall,120,6.1896,8.7747,0.6627,1.3904,2.5973,0.9002,77.54,True
