variable,weather_regime,model,MAE,RMSE,Skill_Score_RMSE,Brier_Score,CSI
temperature,Cool_Dry_Winter,Source 1 (NWP),2.0069,3.0816,-1.1751,N/A,N/A
temperature,Cool_Dry_Winter,Source 2 (Ensemble),1.5047,1.9393,-0.3689,N/A,N/A
temperature,Cool_Dry_Winter,Source 3 (AI-Model),1.1811,1.4933,-0.054,N/A,N/A
temperature,Cool_Dry_Winter,Persistence,1.1277,1.4168,0.0,N/A,N/A
temperature,Cool_Dry_Winter,1. Equal-Weight Avg,0.9543,1.3194,0.0687,N/A,N/A
temperature,Cool_Dry_Winter,2. Best Single Historical,1.0438,1.3801,0.0258,N/A,N/A
temperature,Cool_Dry_Winter,3. Inverse-Error Weighting,0.7676,1.0162,0.2827,N/A,N/A
temperature,Cool_Dry_Winter,4. Bias-Corrected Avg,0.951,1.3116,0.0742,N/A,N/A
temperature,Cool_Dry_Winter,5. LightGBM Blender (Stage 2),0.9266,1.1748,0.1708,N/A,N/A
temperature,Cool_Dry_Winter,6. Adaptive Gating Head (Stage 3),0.8516,1.1472,0.1902,N/A,N/A
temperature,Hot_Dry_PreMonsoon,Source 1 (NWP),2.0072,3.0725,-1.1983,N/A,N/A
temperature,Hot_Dry_PreMonsoon,Source 2 (Ensemble),1.2978,1.6958,-0.2133,N/A,N/A
temperature,Hot_Dry_PreMonsoon,Source 3 (AI-Model),1.1788,1.4921,-0.0676,N/A,N/A
temperature,Hot_Dry_PreMonsoon,Persistence,1.107,1.3977,0.0,N/A,N/A
temperature,Hot_Dry_PreMonsoon,1. Equal-Weight Avg,0.9199,1.2679,0.0928,N/A,N/A
temperature,Hot_Dry_PreMonsoon,2. Best Single Historical,1.0121,1.3371,0.0434,N/A,N/A
temperature,Hot_Dry_PreMonsoon,3. Inverse-Error Weighting,0.7247,0.9533,0.3179,N/A,N/A
temperature,Hot_Dry_PreMonsoon,4. Bias-Corrected Avg,0.9153,1.2587,0.0995,N/A,N/A
temperature,Hot_Dry_PreMonsoon,5. LightGBM Blender (Stage 2),0.7559,0.9615,0.3121,N/A,N/A
temperature,Hot_Dry_PreMonsoon,6. Adaptive Gating Head (Stage 3),0.8189,1.0997,0.2132,N/A,N/A
temperature,Moderate_Transitional,Source 1 (NWP),2.0105,3.0551,-1.1512,N/A,N/A
temperature,Moderate_Transitional,Source 2 (Ensemble),1.5317,1.9691,-0.3865,N/A,N/A
temperature,Moderate_Transitional,Source 3 (AI-Model),1.1739,1.4861,-0.0464,N/A,N/A
temperature,Moderate_Transitional,Persistence,1.1529,1.4202,0.0,N/A,N/A
temperature,Moderate_Transitional,1. Equal-Weight Avg,0.9562,1.3035,0.0822,N/A,N/A
temperature,Moderate_Transitional,2. Best Single Historical,1.0483,1.3856,0.0244,N/A,N/A
temperature,Moderate_Transitional,3. Inverse-Error Weighting,0.7724,1.0242,0.2788,N/A,N/A
temperature,Moderate_Transitional,4. Bias-Corrected Avg,0.9504,1.2959,0.0875,N/A,N/A
temperature,Moderate_Transitional,5. LightGBM Blender (Stage 2),0.8862,1.1098,0.2186,N/A,N/A
temperature,Moderate_Transitional,6. Adaptive Gating Head (Stage 3),0.8582,1.1473,0.1921,N/A,N/A
temperature,Monsoon_Convective,Source 1 (NWP),2.0217,3.0937,-1.2079,N/A,N/A
temperature,Monsoon_Convective,Source 2 (Ensemble),1.0821,1.3785,0.0162,N/A,N/A
temperature,Monsoon_Convective,Source 3 (AI-Model),1.1937,1.5048,-0.074,N/A,N/A
temperature,Monsoon_Convective,Persistence,1.1367,1.4012,0.0,N/A,N/A
temperature,Monsoon_Convective,1. Equal-Weight Avg,0.8947,1.2347,0.1188,N/A,N/A
temperature,Monsoon_Convective,2. Best Single Historical,0.9771,1.2924,0.0777,N/A,N/A
temperature,Monsoon_Convective,3. Inverse-Error Weighting,0.6945,0.907,0.3527,N/A,N/A
temperature,Monsoon_Convective,4. Bias-Corrected Avg,0.8883,1.2215,0.1282,N/A,N/A
temperature,Monsoon_Convective,5. LightGBM Blender (Stage 2),0.7952,1.009,0.2799,N/A,N/A
temperature,Monsoon_Convective,6. Adaptive Gating Head (Stage 3),0.8008,1.0676,0.238,N/A,N/A
rainfall,Cool_Dry_Winter,Source 1 (NWP),4.409,8.327,0.1247,0.1912,0.2436
rainfall,Cool_Dry_Winter,Source 2 (Ensemble),2.2459,3.9239,0.5875,0.1062,0.3449
rainfall,Cool_Dry_Winter,Source 3 (AI-Model),1.7512,3.0156,0.683,0.0843,0.4021
rainfall,Cool_Dry_Winter,Persistence,3.1381,9.5135,0.0,0.1669,0.1293
rainfall,Cool_Dry_Winter,1. Equal-Weight Avg,2.5611,3.7651,0.6042,0.0957,0.3864
rainfall,Cool_Dry_Winter,2. Best Single Historical,1.7319,2.9855,0.6862,0.084,0.4048
rainfall,Cool_Dry_Winter,3. Inverse-Error Weighting,1.9325,2.6842,0.7179,0.0743,0.4691
rainfall,Cool_Dry_Winter,4. Bias-Corrected Avg,1.6922,2.759,0.71,0.0827,0.4176
rainfall,Cool_Dry_Winter,5. LightGBM Blender (Stage 2),0.689,1.5472,0.8374,0.0778,0.4219
rainfall,Cool_Dry_Winter,6. Adaptive Gating Head (Stage 3),0.5844,1.549,0.8372,0.0613,0.5206
rainfall,Hot_Dry_PreMonsoon,Source 1 (NWP),6.616,11.0748,0.5645,0.2225,0.5478
rainfall,Hot_Dry_PreMonsoon,Source 2 (Ensemble),2.3186,3.6259,0.8574,0.1074,0.735
rainfall,Hot_Dry_PreMonsoon,Source 3 (AI-Model),2.2676,3.4353,0.8649,0.1012,0.7471
rainfall,Hot_Dry_PreMonsoon,Persistence,14.4831,25.4284,0.0,0.3781,0.3816
rainfall,Hot_Dry_PreMonsoon,1. Equal-Weight Avg,2.9887,4.3826,0.8276,0.1068,0.7317
rainfall,Hot_Dry_PreMonsoon,2. Best Single Historical,2.0429,3.1487,0.8762,0.097,0.764
rainfall,Hot_Dry_PreMonsoon,3. Inverse-Error Weighting,1.9074,2.598,0.8978,0.0855,0.8023
rainfall,Hot_Dry_PreMonsoon,4. Bias-Corrected Avg,2.5475,3.8202,0.8498,0.1078,0.7318
rainfall,Hot_Dry_PreMonsoon,5. LightGBM Blender (Stage 2),1.3884,2.1897,0.9139,0.0993,0.7661
rainfall,Hot_Dry_PreMonsoon,6. Adaptive Gating Head (Stage 3),1.2784,2.1878,0.914,0.0637,0.8186
rainfall,Moderate_Transitional,Source 1 (NWP),4.3167,8.3328,-0.8378,0.1874,0.2084
rainfall,Moderate_Transitional,Source 2 (Ensemble),2.292,3.9719,0.124,0.0996,0.3062
rainfall,Moderate_Transitional,Source 3 (AI-Model),1.6721,2.8926,0.362,0.0719,0.4071
rainfall,Moderate_Transitional,Persistence,1.7104,4.5342,0.0,0.1309,0.1159
rainfall,Moderate_Transitional,1. Equal-Weight Avg,2.5667,3.8227,0.1569,0.0927,0.3457
rainfall,Moderate_Transitional,2. Best Single Historical,1.6721,2.8926,0.362,0.0719,0.4071
rainfall,Moderate_Transitional,3. Inverse-Error Weighting,1.9455,2.6955,0.4055,0.0661,0.4637
rainfall,Moderate_Transitional,4. Bias-Corrected Avg,1.6704,2.7688,0.3893,0.0761,0.3657
rainfall,Moderate_Transitional,5. LightGBM Blender (Stage 2),0.6014,1.4148,0.688,0.0639,0.4139
rainfall,Moderate_Transitional,6. Adaptive Gating Head (Stage 3),0.4756,1.3957,0.6922,0.0489,0.559
rainfall,Monsoon_Convective,Source 1 (NWP),11.3736,15.9232,0.6816,0.0174,0.984
rainfall,Monsoon_Convective,Source 2 (Ensemble),2.7442,3.5848,0.9283,0.0,1.0
rainfall,Monsoon_Convective,Source 3 (AI-Model),3.0871,3.9878,0.9202,0.0,1.0
rainfall,Monsoon_Convective,Persistence,41.4492,50.0032,0.0,0.3606,0.6479
rainfall,Monsoon_Convective,1. Equal-Weight Avg,4.0123,5.5504,0.889,0.0,1.0
rainfall,Monsoon_Convective,2. Best Single Historical,2.7364,3.5744,0.9285,0.0,1.0
rainfall,Monsoon_Convective,3. Inverse-Error Weighting,2.0042,2.6058,0.9479,0.0,1.0
rainfall,Monsoon_Convective,4. Bias-Corrected Avg,4.1077,5.6423,0.8872,0.0,1.0
rainfall,Monsoon_Convective,5. LightGBM Blender (Stage 2),1.9845,2.5816,0.9484,0.0,1.0
rainfall,Monsoon_Convective,6. Adaptive Gating Head (Stage 3),2.3043,4.4318,0.9114,0.0,1.0
